{"initial_reset_timestamp": 1606775541.2939475, "timestamps": [1606777960.4729283, 1606777962.9333706, 1606777963.0428205, 1606780631.5849142, 1606780634.1188526, 1606780634.2277455, 1606783100.5152252, 1606783102.953388, 1606783103.0767395, 1606785573.086911, 1606785575.5340803, 1606785575.6529894, 1606788052.1065207, 1606788054.6508908, 1606788054.7763367, 1606790534.224266, 1606790536.6765246, 1606790536.781795, 1606793015.9712136, 1606793018.387961, 1606793018.4983766, 1606795501.854451, 1606795504.43099, 1606795504.548144, 1606797989.5352285, 1606797991.9925623, 1606797992.1092849, 1606800479.036528, 1606800481.484721, 1606800481.590423, 1606802973.624306, 1606802976.2109818, 1606802976.327295, 1606805471.205137, 1606805473.6498463, 1606805473.8102136, 1606807958.6552994, 1606807961.0961132, 1606807961.209408, 1606810446.8486712, 1606810449.2865584, 1606810449.4044788, 1606812959.0302386, 1606812961.6031945, 1606812961.7259183], "episode_lengths": [1000, 1000, 1000, 1000, 1000, 1000, 1000, 1000, 1000, 1000, 1000, 1000, 1000, 1000, 1000, 1000, 1000, 1000, 1000, 1000, 1000, 1000, 1000, 1000, 1000, 1000, 1000, 1000, 1000, 1000, 1000, 1000, 1000, 1000, 1000, 1000, 1000, 1000, 1000, 1000, 1000, 1000, 1000, 1000, 1000], "episode_rewards": [-57.295373665481286, -57.295373665481286, -57.295373665481286, -67.74193548387166, -67.74193548387166, -67.74193548387166, -50.354609929078826, -50.354609929078826, -50.354609929078826, -49.218750000000846, -49.218750000000846, -49.218750000000846, -52.86195286195374, -52.86195286195374, -52.86195286195374, -44.44444444444525, -44.44444444444525, -44.44444444444525, -72.22222222222257, -72.22222222222257, -72.22222222222257, -67.21311475409888, -67.21311475409888, -67.21311475409888, -64.6302250803867, -64.6302250803867, -64.6302250803867, -71.59090909090912, -71.59090909090912, -71.59090909090912, -64.66431095406446, -64.66431095406446, -64.66431095406446, -72.88135593220355, -72.88135593220355, -72.88135593220355, -34.61538461538498, -34.61538461538498, -34.61538461538498, -56.20437956204452, -56.20437956204452, -56.20437956204452, -64.05228758170028, -64.05228758170028, -64.05228758170028], "episode_types": ["t", "t", "t", "t", "t", "t", "t", "t", "t", "t", "t", "t", "t", "t", "t", "t"]}