{"initial_reset_timestamp": 1606832283.3271272, "timestamps": [1606832328.9925823, 1606832443.6457388], "episode_lengths": [50, 50], "episode_rewards": [2.7519379844961356, 1.5789473684210589], "episode_types": ["t", "t"]}