{"initial_reset_timestamp": 1606858301.9738057, "timestamps": [1606860705.6317115, 1606860708.1381392, 1606860708.2729945, 1606863153.1485963, 1606863155.5718038, 1606863155.6743867, 1606865607.952416, 1606865610.4806871, 1606865610.600849, 1606868071.7571971, 1606868074.1861458, 1606868074.2923088, 1606870538.2419171, 1606870540.6882732, 1606870540.8003614, 1606873008.8161352, 1606873011.2396772, 1606873011.3423536, 1606875481.2329926, 1606875483.6614816, 1606875483.7699444, 1606877955.8279116, 1606877958.2662575, 1606877958.374877, 1606880431.8725436, 1606880434.315611, 1606880434.4253204, 1606882912.8340535, 1606882915.2738376, 1606882915.3776803, 1606885397.0774477, 1606885399.5176866, 1606885399.6226006, 1606887884.4539845, 1606887886.8855255, 1606887886.9972727, 1606890364.177807, 1606890366.615319, 1606890366.724976, 1606892843.08241, 1606892845.6329622, 1606892845.7427223, 1606895323.2871644, 1606895325.7091422, 1606895325.8211083, 1606897803.6923525, 1606897806.1400423, 1606897806.2509773, 1606900357.5496893, 1606900360.1544085, 1606900360.2705302, 1606902963.60817, 1606902966.1205425, 1606902966.2400095, 1606905666.6450171, 1606905669.1100569, 1606905669.2551851, 1606908210.5033875, 1606908213.1281083, 1606908213.249978], "episode_lengths": [1000, 1000, 1000, 1000, 1000, 1000, 1000, 1000, 1000, 1000, 1000, 1000, 1000, 1000, 1000, 1000, 1000, 1000, 1000, 1000, 1000, 1000, 1000, 1000, 1000, 1000, 1000, 1000, 1000, 1000, 1000, 1000, 1000, 1000, 1000, 1000, 1000, 1000, 1000, 1000, 1000, 1000, 1000, 1000, 1000, 1000, 1000, 1000, 1000, 1000, 1000, 1000, 1000, 1000, 1000, 1000, 1000, 1000, 1000, 1000], "episode_rewards": [-63.087248322148554, -63.087248322148554, -63.087248322148554, -53.846153846154685, -53.846153846154685, -53.846153846154685, -47.91666666666738, -47.91666666666738, -47.91666666666738, -69.79865771812115, -69.79865771812115, -69.79865771812115, -65.870307167236, -65.870307167236, -65.870307167236, -63.23529411764796, -63.23529411764796, -63.23529411764796, -70.90909090909135, -70.90909090909135, -70.90909090909135, -64.05228758170027, -64.05228758170027, -64.05228758170027, -66.88741721854318, -66.88741721854318, -66.88741721854318, -56.386292834891776, -56.386292834891776, -56.386292834891776, -42.37288135593272, -42.37288135593272, -42.37288135593272, -76.02739726027386, -76.02739726027386, -76.02739726027386, -61.67247386759664, -61.67247386759664, -61.67247386759664, -59.18367346938869, -59.18367346938869, -59.18367346938869, -59.18367346938869, -59.18367346938869, -59.18367346938869, -51.070336391438225, -51.070336391438225, -51.070336391438225, -74.99999999999977, -74.99999999999977, -74.99999999999977, -61.165048543690034, -61.165048543690034, -61.165048543690034, -62.06896551724221, -62.06896551724221, -62.06896551724221, -60.000000000000995, -60.000000000000995, -60.000000000000995], "episode_types": ["t", "t", "t", "t", "t", "t", "t", "t", "t", "t", "t", "t", "t", "t", "t", "t", "t", "t", "t", "t"]}