{"initial_reset_timestamp": 1606661329.0560956, "timestamps": [1606661409.525467, 1606661614.3630927, 1606661809.8706548], "episode_lengths": [50, 50, 50], "episode_rewards": [5.03344481605353, 4.6153846153846265, 1.1349693251533792], "episode_types": ["t", "t", "t"]}